iter	Logloss
0	0.645309907
1	0.6333234783
